827,Ivalset,US
72,Fruit,HK
2,peppy,AU
88,eyup,AU
857,KiraCatgirl,US
663,GSR,US
406,Bigboss87,IT
293,Demicol,FI
352,JacoPOP,IT
776,776,US
488,Kylecito,CL
869,Twi,GB
617,vitnu,TH
274,Oddbrother,US
305,gwimmel,US
163,cagaihb,US
929,White,GB
609,Darushi,US
407,Level-Up!,IE
854,854,PL
67192,Beuchi,ES
652,[Kaichu]Senki!,TH
431,Echo,NZ
555,Extor,AR
1756,Karedis,US
598,Etchan,US
59,Lumino,AU
452,Kharl,TH
2187,irake,FI
843,mothball,US
424,caelus,US
2274,Teknikaali,FI
904,Donryu,CA
932,Kazearashi,SG
1821,Dudex,FI
2486,Jean,CA
1186,kaleph,BR
2237,Egg1991,US
998,Wirt,RU
1143,Tolrin,CA
106,Behon,US
195,purophet,US
2363,DJPop,TH
167,krisko6,US
1934,dbgtrgr,US
2322,2322,ID
127,Motto,CA
1777,jsticker,DE
2233,Cecilthemos,US
602,Hitoshirenu Shourai,US
1435,Kolma,US
819,Loginer,SE
1683,1683,TW
2090,Hallick,US
321,Ezzpify,HK
55,Zallius,HM
2041,TaterMySalad,US
2592,Bonesnake,NL
2348,Manabeast,US
327,janlokit,HK
1079,LuigiHann,US
3501,Zaak,FR
2985,Web,US
1696,donutman,US
2485,LightBen,ES
2154,K-S-O,US
2740,Shadowtje,NL
2583,Fox,DE
3004,Gunzil,US
1580,TenutoInuke,US
39129,ShaggoN,PL
1986,tengama,US
2620,Humbert21,VE
2132,captainsponge,CA
739,Gilrad,US
975,rotaryengine,US
1168,superkcross,US
2470,MonkeyWarlock,US
1961,Leniad,AR
954,Odie,AU
3781,Saturos,US
4210,DoomsDay1990,US
3295,blacklotus90,US
2889,hunnykilla,US
1087,Binome,CA
4119,quest,US
3795,Tankist,RU
3936,Card N'FoRcE,IT
2650,awp,CA
1284,explorer,US
3242,rtsmarty,GB
5096,Enok Walker,US
5013,Survivor,BR
5344,do99y,AU
2024,EiJi,US
3373,Dycize,FR
1723,Upsilon,GB
5265,antkatsu,US
172,Xionkaiser,MX
5243,Rolled,US
5728,James,PH
6223,MeGaS,RU
4537,Kai,MX
4662,plasmathunderdx,CA
5772,machol30,US
5268,Phrygian,CA
5348,evilmonkey,US
5662,celcius,PH
6645,aresius,BR
94,chan,AU
6448,mineteaser,US
6880,Bourgault,CA
6777,sangondred,FR
6070,Vergil,RU
7752,DoucePattes,US
4934,mattyu007,CA
5400,Razziel,PL
5389,Frost,CA
6534,lunarleg,US
4254,MaxwellDemon,GB
38408,moonstar,TW
8950,MOOMANiBE,US
7868,Rath,US
4249,Mifune24,US
5843,Slain087,US
7186,Duoprism,AU
5530,Sinistro,GR
71,diela,HK
7365,Gemi,FI
8701,Myrtle,RU
6057,P-Drogan,CA
6038,SunSetRise,RU
6794,Nharox,DE
10441,Dakeyrus,CA
6837,ROMaster2,US
7511,orochimaru,FR
10292,Dragonfangs,SE
261,JC FirE,PR
7335,3ly_S,CL
3848,PiroskY,AR
8014,Exouds,SE
7528,yonasu,DK
8232,Taru Rui,US
10190,Sousei,US
12083,mcmongo,AT
15064,Utena,BR
11738,BluePaladin25,US
8399,DawnII,US
7915,spirus,BR
9261,ToRMeNToR_84,CA
11309,verkel,FI
9029,hideki89,BR
586,TiZ,US
7498,ktezuka,FR
6903,Rauan,KZ
10219,rocxe,CN
11820,Shirotora,NL
10429,Crawd,FI
9771,vehnae,FI
7824,deepsea,TW
15042,RavenlockA,US
15516,idunnoknowlol,US
14053,tobebuta,JP
3288,m980,AU
11648,shindrgon,TW
13249,pallinger0513,US
8505,ichikam,AU
7013,mrtn,NL
12101,hvock,TW
11432,xikitin,ES
18589,Cyclone,US
12567,ThePassingShadow,US
13996,Shinxyn,CA
15398,Fwenny,IL
19004,Bianco,BR
12143,f0012979,TW
9329,Kandine,PH
16040,proseyu,TW
28857,TheDutchman,NL
17695,Mafiamaster,US
19819,EEeee,US
20306,Wawo,US
35725,byap11,US
19883,foulcoon,US
13920,Symbolic,NL
9207,minyeob,KR
23326,GladiOol,NL
20871,Dragonslayerxx,US
13910,ViktorK,HU
16978,James2250,US
12328,Larto,DE
24334,Jerrysr,TW
25993,Alace,TW
17470,EVA-X,CN
30337,Rampage202,CA
26560,SecksyJennie,IL
17446,sesito71,ES
5352,eee,US
16963,Ryohan,PL
33158,The Trickster,FR
57057,Gabi,SE
29130,Kubu,PL
50163,yaya,FR
26551,Hikato,GB
28458,Blatzk,DE
12248,kioukiou,TW
44826,Lef,PL
33599,Andrea,IT
27055,Astar,PL
31803,Skyripper,US
43941,cakeluster,GB
43938,yanki,HK
53849,Bicho,AR
39828,WubWoofWolf,PL
39872,Sir Minelli,EC
18983,Doomsday,GB
40737,Sanji,IT
42585,SteRRuM,PL
58710,H1ko,UY
49131,akX,PL
39981,running_lemon,CA
49890,Lumiere,CL
410,Starrodkirby86,US
50863,skr,ES
88717,Ana_Coppola,CN
88697,hyt103,CN
48922,Nactra,FR
79678,zaru-d,JP
70730,Sure,KR
104827,orioncomet,TH
135567,lzy,CN
70863,La Valse,KR
67951,opiomorph,SG
59650,tasli,HU
36163,Elvan,PL
37529,hawkzor,ZA
73453,taka1235,JP
44867,Crazy Jay,CN
41809,timotmcc,CA
7114,avira0922,JP
49579,Jesss,CO
96561,ttker,CN
18404,Saturio,HK
36189,Yumiko,IT
61101,taNa,JP
10560,-SiN-,ID
56904,Lucidity,ZA
84892,heartnetkung,TH
34044,xierbaliti,CN
32067,FurukawaPan,CA
64501,Lybydose,US
60574,azuki,JP
72139,kaouji,CN
147623,Uan,TW
211278,Flute,JP
112265,klubek,PL
108066,Cyril Scarlet,TH
29089,Sutsuka,FI
127777,morovaa,FI
57976,Eirene,FR
71917,swish,JP
101025,LirsRosso,CN
95099,Love Hina,CN
91742,lxy,CN
124493,chocomint,KR
94364,Rusty,JP
49853,eMkay,DE
65761,eMJaReL,DE
108522,subarasikibuta,CN
107426,KanbeKotori,CN
141381,xmldxmld,TW
111097,uider,JP
226433,Mayoi Neko,CN
126293,Shinespark,DE
216472,M A I D,KR
102333,LongTimeNoC,CN
125308,Tomoka Rin,TW
61154,Rigeru,JP
320380,Minas Tirith,CN
409747,SiLviA,JP
189105,Rex,CN
232729,Vpalach,RU
111071,Cat,DE
233485,AnFace,US
206723,AquaBlue,JP
149752,Trans_Am,CN
362008,Hentai,JP
16944,HenkieBP,NL
73480,Hanyuu,AT
203181,nVidi4x,CL
223364,Masarichan,JP
349173,celiceyy,CN
252524,geckogates,US
491021,Spark,DE
201610,ItaOxy,JP
181057,5231_Kinoko,CN
94386,Jalatiphra,DE
682699,Mephix,IT
347280,Yimo_Coppola,CN
305541,yIts,JP
539876,- Z e o n -,UY
467442,Melancholy,JP
425334,ukeSnake,CN
80579,Gottwald,JP
244173,sayamaster,CN
242119,Salvage,AR
296087,Heatherfield,CN
475021,thelewa,FI
355152,fumis,JP
617323,Chewin,IT
409722,Elfen_Lied,CN
715112,iPad,KR
359232,pppatrick,CN
220939,ertyukjh010,HK
905124,shaNk,CA
147461,wangzb89,CN
424129,Skyar,TW
344086,hinamizawan,PT
694114,N a n o,CN
570042,Darksonic,AR
192145,AisamaDX,JP
388602,SapphireGhost,US
1161543,Fuyune,JP
776751,overloked,AR
147515,Rucker,TW
602783,Remilia-Scarlet,KR
350723,wobeinimacao,CN
145851,azuraer,JP
512319,KeigoClear,JP
175141,Niko,PL
272117,CheEZ,KR
232942,Reisen Udongein,KR
56917,fartownik,PL
349173,celiceyy,CN
261694,BinJip,KR
494970,ShadowSoul,DE
139670,Vendemmia,KR
865724,Rain,RU
718696,JAKACHAN,US
201459,Mesita,CL
758181,Iris,JP
438547,Apricot,JP
198574,Rorry,JP
372256,ArzatoRx,CN
717873,Rizzo,JP
711664,Black Sheep,JP
360552,Sinch,JP
307725,Stgk,JP
131118,Micia,JP
164583,TTTL,JP
572523,Vizrock,JP
112257,Neruell,DE
367334,paruuu,JP
447472,takeki3gou,JP
414427,xsrsbsns,MY
84841,CXu,NO
556012,Forseen,LV
352328,rrtyui,JP
175411,Shandro,RU
25755,Sangni,CN
371961,serea,JP
575427,nruu,PL
948713,Reimu-Desu,KR
683791,[ Beatrice ],KR
213014,PeaChick,JP
285711,Ohrami,US
832913,KaODia,KR
647766,Sktelecom T1,KR
1324115,Dariuski,ES
655545,YuaKKuma,JP
803766,-cr1mmy-,RU
1341421,Shizuru-,KR
583765,Gon,MY
335304,Asai Kei,JP
1264653,GreyWarrior,CO
1171628,ryza,US
50265,hvick225,TW
1687524,SiLviZ,HK
1484652,putigame,JP
1266166,Dsan,CN
461720,Dungeon,KR
580925,BluOxy,JP
246186,Bikko,KR
951170,HAUHAU,JP
333241,kriers,NO
482120,Homura-,JP
1787027,Recia,JP
1590461,schlafen,JP
1585910,Kobato_Tina,KR
491522,mugio3,JP
654098,Nitro,MX
343865,Gokuri,JP
1460263,Pain,KR
317494,Mikkuri,TH
751695,Yuleiyu,JP
2243053,Luerxa,JP
952751,Small K,TW
713266,sayonara-bye,KR
2056071,ffury,KR
448316,hard to freeze,CN
589550,Mercurius,JP
492699,Yarissa,US
560228,Toshinou Kyouko,CN
697783,JappyBabes,AU
1603923,Delis,JP
932342,Michi,DE
509119,Fuyu,JP
1066760,OhAHO,JP
1410657,Myaamd,JP
799102,Gyuunyu,SE
1643913,- Firmament -,HK
1030696,WadsyaName-,CN
1816631,sasakure,KR
1389663,talala,RU
1349849,Hanatan,CN
844815,AmaiHachimitsu,PL
106269,Elysion,FR
321562,Change,JP
1106527,listless,PL
965354,Shott,BR
629717,GGBY,CN
453226,CookEasy,DE
2159014,Sarasa,CN
746866,Sonoda Umi,CN
733878,B e N i,JP
1343504,SpringLane,CN
1164526,BDDav,DE
1126229,zeluaR,JP
1777162,firebat92,KR
495272,cptnXn,DE
754565,Dustice,DE
306737,Metro,AR
256802,HappyStick,US
657404,Potofu,JP
1093361,Kynan,FR
1770462,isokasapupuja,FI
91738,Guy,JP
1806619,Mecarl,KR
199669,Frostmourne,TH
2155578,Azer,CA
1688846,Emperorpenguin83,JP
2558286,Rafis,PL
1226106,Akiko-,HK
2736959,WWCD,SE
559998,oxycodone,JP
564718,ycsnake,JP
946990,Meltina,KR
557197,Totoki,CN
914004,Gnuu,SE
846038,Splinter572,DE
1145984,Alumetorz,AT
652457,_index,RU
1545031,NerO,FR
3099689,Xilver15,IL
2148231,kuu01,JP
2162669,Kitteh,US
2477878,Sheba,JP
960620,bahamete,GB
756068,Serena,AR
126144,Nezzar,HK
251683,Musty,FR
4224060,Tosino Kyoko,KR
2285207,Crai,GB
3043603,kablaze,US
3345902,Varvalian,JP
227717,rustbell,CN
2614511,Axarious,US
637168,SoMad,RU
1856728,SaveMyLife,KR
2021758,Wilchq,PL
1208858,Vettel,JP
3506191,BlueFlame,AT
3110552,Sanze,FI
1549620,r0ck,PL
2831793,filsdelama,FR
1500305,Neliel,DE
887924,Poplle,TW
4787150,Vaxei,US
4183454,-Zirba-,JP
2757689,Toy,US
1419095,Aricin,US
3219026,Rohulk,RO
2580750,Glitter Goose,GB
4495871,Mizuru,PT
3245028,DudsonZ,PL
2204373,Spare,GB
2438122,Beafowl,DE
2678448,DenObscure,BE
3179601,Tarulas,KR
1884516,-HERO-,JP
537084,DoKito,DE
2003326,emilia,SG
2932923,harunaruna,KR
1380419,Leaf,KR
3069354,DanyL,CL
2644700,Fenrir,BR
3126596,Mlaw,US
6127312,aleho8,HU
5339515,Mathi,CL
1855540,-Visceral-,US
718454,ThePooN,FR
3733455,[TAKA],KR
1807167,Loli_Schwi,HK
3938945,Widelux13,ES
3221564,Ceptin,US
1874761,hallowatcher,DE
1558603,MouseEasy,BR
3542416,- Nikliu -,DE
2051389,FunOrange,CA
2562987,azr8,LT
4852013,Monko2k,US
4650315,idke,US
464203,SilverAkcel,JO
3068044,Dumii,AU
2866814,MiruHong,CA
4581715,dunois,CA
4163860,Piggey,PL
3533958,fieryrage,US
5182050,Bubbleman,GB
6304246,RyuK,CA
2291265,Arnold24x24,PE
6806754,weabole,US
3641404,uyghti,AU
3551255,Afrodafro,NO
4114438,Torment,LT
1837989,MrBooM,PL
4196808,Karthy,GB
8482062,freedomdiver,US
3213239,Flaven,FR
2165650,mcy4,HK
1650010,Aireu,US
2734971,bango,SE
843086,Resia,KR
4007897,obtio,HK
2565902,MoeYandere,GB
2735250,Moffo,JP
2768421,jot_bab,KR
6412746,valmiera,US
9224078,FlyingTuna,KR
5527745,Abyssal,EE
5371497,Alumetri,RU
5201225,ItsKevZii,NO
7342622,Freddie Benson,US
2932510,wuhua,MY
1629553,rHO,ID
6169483,-Hebel-,MX
3048222,Wakson,PL
7434175,reshi,US
7892320,Zeisen-,KR
4194445,Apraxia,US
4448118,Koba,IT
1473890,badeu,RO
2766034,Umbre,DE
467010,4RTRAID,KR
5645667,YaMaDarknesss,JP
8179335,Micca,AT
3506793,Viveliam,NL
3171691,BTMC,US
4133758,Nameless Player,KR
7824063,hvick1112,TW
3765989,okinamo,DE
6123428,Vamhi,PL
4734244,Informous,US
7341183,ASecretBox,AU
4750008,Skydiver,ID
5447609,Demonical,SG
6267851,Yuuzinho,BR
4882979,derebanana,AU
7192129,Gasha,RU
2094566,FGSky,MA
6404583,#NAME?,UY
6928036,doki,HK
4644354,Iliekwaffles,US
4796794,Vento,JP
4908650,im a fancy lad,US
8053576,Lam Tin Park,HK
1516650,Ponytail,KR
7280590,InBefore,TH
2454767,Reyuza,ID
6404027,Bartek22830,PL
10717635,-Reuto-,ID
4504101,WhiteCat,DE
9067591,MightyDoc,US
2971085,shinji,PT
7562902,mrekk,AU
9722332,Ralidea,DE
9072586,Andros,SE
7969090,-DuckLeader-,US
3776227,akia,GB
11367222,lifeline,ID
6447454,aetrna,CA
5455713,SrChispa,EC
9942252,Paraqeet,US
2395405,MAREK MARUCHA,PL
9269034,Akolibed,LV
6506107,Rhythm blue,KR
4250296,cute guy,US
2546001,Intercambing,CL
8558031,dejiz,PL
6272698,Andrej,RS
8856806,ChocoPafe,JP
7813296,Rektygon,US
6114695,ciru,US
4581069,eternum,RO
13211727,NyanPotato,RU
11198996,A21,HK
11496364,JappaDeKappa,US
7512553,Utami,US
3717598,xootynator,CA
612898,nick1324,CA
9902255,Apostol,RU
5774823,Rupertion,CA
11415687,Kurumiw,BR
11692602,my angel aosora,KR
6600930,Zoomer,NZ
7525949,shimon,MY
12779141,gnahus,PL
9642774,Milkteaism,PH
12408961,DISCOMAREK,PL
8335950,Reedkatt,SE
10916561,Ailes Grises,AE
8640970,kieg,PH
11626318,Reused,US
11443437,[Karcher],KR
10196805,angelkanna,DE
10651184,MINHOCA LOKA,BR
12366071,SatonoDiamond,RO
10549880,ninerik,NO
2675255,hqshe,US
42460,animask,US
14137,Inozuma,FR
24269,DeadAlready,TW
